student_id,full_name,gmail,course,year_level,section
20263748,Kurt Andrei M. Acaso,,BT,1,BT-104
20263741,Rheign V. Acaso,,BT,1,BT-104
ALIMEN,Mark Ian B. Alimen,,BT,1,BT-104
20263649,Waren R. Altura,,BT,1,BT-104
20263822,Aljhen R. Baluyot,,BT,1,BT-104
20263704,Jhomma Magoo V. Bation,,BT,1,BT-104
20260836,Revronjames Briones,,BT,1,BT-104
20263814,Luz Jilliane D. Carnalan,,BT,1,BT-104
20263621,Angelica M. Dacillo,,BT,1,BT-104
DOMALAON,John Jervey C. Domalaon,,BT,1,BT-104
20263742,Rapael D. Echano,,BT,1,BT-104
20263815,Ashli G. Figueroa,,BT,1,BT-104
20263659,Marian Joy S. Gian,,BT,1,BT-104
20263728,Rhean Jay B. Gorpido,,BT,1,BT-104
20263698,Jackielyn S. Jundarino,,BT,1,BT-104
20263711,Franchesca Sonia M. Lacson,,BT,1,BT-104
20260837,Jammer E. Ledesma,,BT,1,BT-104
20263607,Naomi Faith C. Magnayon,,BT,1,BT-104
20260835,Steven Ford Manangan,,BT,1,BT-104
20263716,Prince Jameer Manibpel,,BT,1,BT-104
20263948,Cyruz Jay Mayo,,BT,1,BT-104
20263753,Princess Alliah D. Molino,,BT,1,BT-104
20263719,Ashley Joy P. Poseliro,,BT,1,BT-104
20263739,John Laurence C. Redito,,BT,1,BT-104
20263848,Warren P. Samilo Jr.,,BT,1,BT-104
20263610,Kurt Cymon So,,BT,1,BT-104
TUANTE,Barbie Tuante,,BT,1,BT-104
UGAY,Jemuel B. Ugay,,BT,1,BT-104
20253021,Paul Algren Aguila,,BT,2,BT-201
20241928,Jamaeca Andales,,BT,2,BT-201
20252985,Darlene Angelada,,BT,2,BT-201
20253023,Jazmine Badiola,,BT,2,BT-201
20252987,Jake Cedrix Bayos,,BT,2,BT-201
20253025,Czyra Mae Bombuhay,,BT,2,BT-201
20252989,Lucia Louise Camitan,,BT,2,BT-201
20253030,Charles Jr. Dayag,,BT,2,BT-201
20252997,Arianne Joy Dealca,,BT,2,BT-201
20253108,James Michael Guelas,,BT,2,BT-201
20253005,John Kennie Kirtchie Lu-Ang,,BT,2,BT-201
20253043,Mark Jason Mahusay,,BT,2,BT-201
20253007,Adrian Jr Malano,,BT,2,BT-201
20253008,Cyrelle Napuecas,,BT,2,BT-201
20253045,Yannick Olivarez,,BT,2,BT-201
20253010,Krystal Joy Paragas,,BT,2,BT-201
20253011,Angela Peningolo,,BT,2,BT-201
20253120,Jhessrelle Reynante,,BT,2,BT-201
20253048,Charmel Salarda,,BT,2,BT-201
20253049,Ysheen Grace Salor,,BT,2,BT-201
20253014,Jonimer Seguin,,BT,2,BT-201
20253088,Nicole Sombese,,BT,2,BT-201
20253015,Noemae Tado,,BT,2,BT-201
20253053,Prince Albert Viado,,BT,2,BT-201
20253020,Adrian Pol Abamo,,BT,2,BT-202
20253093,Birlyn Alcero,,BT,2,BT-202
20253096,Gerleen Antipuesto,,BT,2,BT-202
20253022,Prince Jhade Asurto,,BT,2,BT-202
20253024,Ringo Baldivino,,BT,2,BT-202
20253098,Nathaniel Cariño,,BT,2,BT-202
20253099,Ace Bryan Carreon,,BT,2,BT-202
20253100,Alesandra Carreon,,BT,2,BT-202
20252995,Ma. Elena Ciruelos,,BT,2,BT-202
20253028,Frank Columna,,BT,2,BT-202
20253061,Jeric Corpuz,,BT,2,BT-202
20253101,Chester Lawrence Cuhit,,BT,2,BT-202
20253000,Ivan Benedick Flanco,,BT,2,BT-202
20253389,Gabriel Gabales,,BT,2,BT-202
20253036,Aj Kylle Guevarra,,BT,2,BT-202
20253037,Adriel Sebastian Vicente Israel,,BT,2,BT-202
20253073,Jennifer Labajo,,BT,2,BT-202
20253110,Princess Emmie Angie Lacap,,BT,2,BT-202
20253112,Edwin Jr. Leung,,BT,2,BT-202
20253114,Princess Airam Macasio,,BT,2,BT-202
20253115,Andro Malong,,BT,2,BT-202
20253006,Roberto Jr. Mamolo,,BT,2,BT-202
20253118,James Jerald Marqueses,,BT,2,BT-202
20253082,Cris Nathale Rañosa,,BT,2,BT-202
20253047,Renz Martin Rivera,,BT,2,BT-202
20253052,Christian Jay Tabayoyong,,BT,2,BT-202
ZIPAGAN,Marylleen Kate Zipagan,,BT,2,BT-202
20253026,Denzelle Cabanting,,BT,2,BT-203
20253060,Yves Zadkiel Choresca,,BT,2,BT-203
20253032,Regel Dongito,,BT,2,BT-203
20253390,John Paul Dulatre,,BT,2,BT-203
20253065,Yeshua Elijah Benedict Espiritu,,BT,2,BT-203
20253066,Jennalyn Eubra,,BT,2,BT-203
20253067,Kerd Fabelinia,,BT,2,BT-203
20253034,Charlyno Flores,,BT,2,BT-203
20253142,John Louie Francisco,,BT,2,BT-203
20253002,Ken Aljay Garciano,,BT,2,BT-203
20253068,Carmelo Jonas Giray,,BT,2,BT-203
20253003,Justine Jane Gutierrez,,BT,2,BT-203
20253004,Kaizer Hernandez,,BT,2,BT-203
20253070,Julian Ann Impas,,BT,2,BT-203
20253071,Jennivie Roi Infante,,BT,2,BT-203
20253072,Micalyn-An Jorolan,,BT,2,BT-203
20253074,Rhinocyl Lanutan,,BT,2,BT-203
20253076,John Rick Malibago,,BT,2,BT-203
20253078,John Del Navijas,,BT,2,BT-203
20253081,Francheska Ramos,,BT,2,BT-203
20253012,Ashley Revilloza,,BT,2,BT-203
20253013,Kieth Lloyd Rotomo,,BT,2,BT-205
20253084,Ryza Lorin Sal,,BT,2,BT-203
20253087,Irene Mae Santos,,BT,2,BT-203
20253050,Sherralei Gwynette Silhay,,BT,2,BT-203
20253017,Kent Raymart Tumadlas,,BT,2,BT-203
20253054,Kyle Yden,,BT,2,BT-203
20253092,Prince Euri Abueva,,BT,2,BT-204
20264017,Leomell Cantero,,BT,2,BT-204
20263467,Juwan Lance Coquia,,BT,2,BT-204
CRUZ,Kenjy Cruz,,BT,2,BT-204
20231526,Jobel Dagate,,BT,2,BT-204
20253137,John Kirby Delos Reyes,,BT,2,BT-204
20253063,Jeremy Dichosa,,BT,2,BT-204
20253033,Terrence James Ecat,,BT,2,BT-204
20253143,Jay Mark Gacias,,BT,2,BT-204
20253106,Benjie Jr Gacoscosim,,BT,2,BT-204
20253107,Danilo Jr Garciano,,BT,2,BT-204
20253038,Benedict Jacinto,,BT,2,BT-204
20253109,Christian Rey Jemenia,,BT,2,BT-204
20253111,Kiziah Dwine Lafuente,,BT,2,BT-204
LISING,Peterlyn Lising,,BT,2,BT-204
20253152,Jhon Lloyd Molino,,BT,2,BT-204
20231546,Kurt Raizen Motol,,BT,2,BT-204
20253153,Marvin Jah Obugan,,BT,2,BT-204
20253154,Ruvil Claire Pansit,,BT,2,BT-204
20253119,Jake Perez,,BT,2,BT-204
20253155,Jairus Gyle Posio,,BT,2,BT-204
20253083,Aj Carl Rodriguez,,BT,2,BT-204
20253121,Arjay Romano,,BT,2,BT-204
20253086,Carl Santos,,BT,2,BT-204
20253089,Kent Gasper Tacata,,BT,2,BT-204
20253090,Albert John Tenedero,,BT,2,BT-204
20253091,Rhyan Yubal,,BT,2,BT-204
20253095,Lansel Andrei Kim Alviz,,BT,2,BT-205
BALAGUER,Aljohn Balaguer,,BT,2,BT-205
20252613,John David Casuncad,,BT,2,BT-205
20253131,Heart Claire Celis,,BT,2,BT-205
20253134,Dexter De Leon,,BT,2,BT-205
20253103,Marhl Yeshan De Leon,,BT,2,BT-205
20253135,Gabriel De Vera,,BT,2,BT-205
20253102,Fritz Jermaine Dela Cruz,,BT,2,BT-205
DELEGENCIA,John Prince Delegencia,,BT,2,BT-205
20253139,Christeldane Doroy,,BT,2,BT-205
20253140,Justine Kane Eharez,,BT,2,BT-205
20253406,Michaella Mae Estrella,,BT,2,BT-205
20263468,Jan Michael Feliciano,,BT,2,BT-205
20253105,Lanz Aaron Fernandez,,BT,2,BT-205
20253141,Uno Francia,,BT,2,BT-205
20253113,Rianne Trixie Liwag,,BT,2,BT-205
20253041,Daniella Mae Lopez,,BT,2,BT-205
20253145,Dante Maala,,BT,2,BT-205
20253146,Randie Jr. Macababat,,BT,2,BT-205
20253148,Benj Christian Manuel,,BT,2,BT-205
20253149,Mc Clark Joseph Marantal,,BT,2,BT-205
20253150,Johnrix Marciano,,BT,2,BT-205
20263458,Marjorie Panganiban,,BT,2,BT-205
20242466,John Carl Lawrence Romorosa,,BT,2,BT-205
20242277,John Michael Santos,,BT,2,BT-205
20253051,Samantha Sus,,BT,2,BT-205
20253159,Trixie Mae Tiples,,BT,2,BT-205
20253124,Jerome Urbina,,BT,2,BT-205
20242261,Rozanne Alcantara,,BT,3,BT-301
20242257,Christian Jan Bagac,,BT,3,BT-301
20242378,Vince Xyrell Barrozo,,BT,3,BT-301
20242218,James Jherald Bautista,,BT,3,BT-301
20242404,Kyla Mae Calubad,,BT,3,BT-301
20242242,James Rad Cuizon,,BT,3,BT-301
20242211,Francheska Maxine Descargar,,BT,3,BT-301
20242403,Dominic Digman,,BT,3,BT-301
20242236,Jhon Andrei Escal,,BT,3,BT-301
20242230,Beverly Escobar,,BT,3,BT-301
20242245,John Christian Fernando,,BT,3,BT-301
20242251,Iriz Cathlene Gajardo,,BT,3,BT-301
20242254,Diana Rose Garcitos,,BT,3,BT-301
20241918,Gillian Garcitos,,BT,3,BT-301
20242419,King Arthur Graciano,,BT,3,BT-301
20242190,Janna Paula Jimbul,,BT,3,BT-301
20242207,Collin Lanon,,BT,3,BT-301
20242117,Nellianna Lladones,,BT,3,BT-301
20242274,Ralfh Jay Narca,,BT,3,BT-301
20242256,Michael Obosa,,BT,3,BT-301
20242249,Joshua Ocampo,,BT,3,BT-301
20242391,Sophia Nicole Pambuan,,BT,3,BT-301
PARIÑAS,Hans Pariñas,,BT,3,BT-301
20242226,Ernan Pimentel,,BT,3,BT-301
20242246,Lyka Plaza,,BT,3,BT-301
20242241,Reiven Rabusa,,BT,3,BT-301
RAMIREZ,Reynaldo Ramirez,,BT,3,BT-301
20242191,Sundry Santillana,,BT,3,BT-301
20242247,Vince Kerbie Sareño,,BT,3,BT-301
20242240,Angelo James Señora,,BT,3,BT-301
20242272,Janful Suhayon,,BT,3,BT-301
20242402,Prima Valerie Superable,,BT,3,BT-301
20242228,Katrina Valencia,,BT,3,BT-301
20242266,Gian Versula,,BT,3,BT-301
20242243,Mikyla Zamora,,BT,3,BT-301
20242208,Nicole Ann Agotana,,BT,3,BT-302
20242212,John Paul Balce,,BT,3,BT-302
20242276,Joshua Biglaen,,BT,3,BT-302
20242262,Phoebe Nicole Cabusog,,BT,3,BT-302
20241875,Raquel Joy Casinillo,,BT,3,BT-302
20253417,Saldy Jan De Asis,,BT,3,BT-302
20253421,Ashly Daniel De Guzman,,BT,3,BT-302
20220909,Ashley Nicole Dela Cruz,,BT,3,BT-302
20241924,Maverick Dimaunahan,,BT,3,BT-302
20241903,Enzo Marcus Domingo,,BT,3,BT-302
20241930,John Paul Ellorando,,BT,3,BT-302
FERNANDEZ,Chris Adriane Fernandez,,BT,3,BT-302
20220886,Jherico Galguerra,,BT,3,BT-302
20241978,Pauleen Ignacio,,BT,3,BT-302
20242219,Marco Emmanuel Lao,,BT,3,BT-302
20253329,Roland Jr. Lim,,BT,3,BT-302
20241920,Nicole Ann Madera,,BT,3,BT-302
20253410,Ma. Ingrid Stephanie Mansibang,,BT,3,BT-302
20241913,Nash Kerby Mendoza,,BT,3,BT-302
20210618,Jamal Adnan Mikunug,,BT,3,BT-302
20253397,John Mark Minggong,,BT,3,BT-302
20241901,Kyle Francis Ochia,,BT,3,BT-302
20242269,Andrei Pable,,BT,3,BT-302
PAGAYAWAN,Junalsa Pagayawan,,BT,3,BT-302
20242255,John Marc Paja,,BT,3,BT-302
20241906,Jake Enriq Rivera,,BT,3,BT-302
20242237,Grace Love Soriano,,BT,3,BT-302
TACDORO,Michelle Tacdoro,,BT,3,BT-302
20242238,Mason Bjelle Tan,,BT,3,BT-302
20241890,Rochelle Triñanes,,BT,3,BT-302
20242217,Julio Morris Tuyor,,BT,3,BT-302
20253126,Marc Louiel Valloso,,BT,3,BT-302
20253409,Lhea Marica Vasadre,,BT,3,BT-302
20241919,Bea Vicera,,BT,3,BT-302
20241981,Alfredo Jr. Vinluan,,BT,3,BT-302
20242273,Clark Daniel Ablazo,,BT,3,BT-303
20242214,Je-Ann Lou Adobas,,BT,3,BT-303
20242307,Precious Agcanas,,BT,3,BT-303
20252601,Princess Rafaela Alog,,BT,3,BT-303
20242192,Mark Zyrus Amigo,,BT,3,BT-303
20241877,Jhonlery Cabrera,,BT,3,BT-303
20242223,Armond Ray Cajepe,,BT,3,BT-303
20242213,Nicole Shane Cansino,,BT,3,BT-303
20242216,Jhamil Dalanon,,BT,3,BT-303
20242450,Dayanna Dealagdon,,BT,3,BT-303
20242232,Justin Ellis Ebreo,,BT,3,BT-303
20242442,Michael Ashton Gotico,,BT,3,BT-303
20241929,Denver Ivan Goyal,,BT,3,BT-303
20242259,Kevin Jake Gracio,,BT,3,BT-303
20242227,Mariel Jimenez,,BT,3,BT-303
20241852,Harold Lique,,BT,3,BT-303
20242263,Yeoj Nicolai Malabunga,,BT,3,BT-303
20242210,Christian Jude Malarulat,,BT,3,BT-303
20242260,Anchie Olarte,,BT,3,BT-303
20253326,Jo-Jesi Pairat,,BT,3,BT-303
20242197,Airanne Ramos,,BT,3,BT-303
20242252,John Andrew Rodolfo,,BT,3,BT-303
20242198,Jessrel Sajol,,BT,3,BT-303
20242324,James Carl Sanchez,,BT,3,BT-303
20242235,Sean Ashly Silverio,,BT,3,BT-303
20242394,Ma. Carla Taguba,,BT,3,BT-303
20242225,Sophia Iya Tallorin,,BT,3,BT-303
20242202,Kimberly Vegilla,,BT,3,BT-303
20242271,Johanna Sweet Villacruel,,BT,3,BT-303
20242215,Rayniel Yu,,BT,3,BT-303
